{
  "data1": {
    "system_size": 4,
    "average_errors": [
      0.010643958002999698,
      0.01231672501241008,
      0.010713822342920282,
      0.017679758887677113,
      0.01805916258797254,
      0.019749453559037785,
      0.033149100619963956,
      0.0342950910264243,
      0.059014490173830744,
      0.20825163383507464
    ],
    "B1, B2, and L are": [
      16,
      30,
      1000
    ]
  },
  "data2": {
    "system_size": 4,
    "average_errors": [
      0.009718421620750317,
      0.011851588415865734,
      0.016848265308830396,
      0.014117708632783466,
      0.021756954013148797,
      0.02267890902362981,
      0.02666797225591452,
      0.03655165707880179,
      0.04911282584260185,
      0.27573644183608187
    ],
    "B1, B2, and L are": [
      16,
      30,
      1000
    ]
  },
  "data3": {
    "system_size": 6,
    "average_errors": [
      0.020248240604336786,
      0.03639741703760302,
      0.019742577921808235,
      0.028061622807460482,
      0.02994987638249588
    ],
    "B1, B2, and L are": [
      16,
      30,
      1000
    ]
  },
  "data4": {
    "system_size": 6,
    "average_errors": [
      0.030114443159537273,
      0.023628234086690358,
      0.05667862663535927,
      0.018606453458196018,
      0.1133669217214002
    ],
    "B1, B2, and L are": [
      16,
      30,
      1000
    ]
  },
  "data5": {
    "system_size": 6,
    "average_errors": [
      0.033346949815911,
      0.004214997320885669,
      0.05148305440364359,
      0.03653761375530796,
      0.27533297752552943
    ],
    "B1, B2, and L are": [
      16,
      30,
      1000
    ]
  }
}