{
  "data5": {
    "system_size": 6,
    "average_errors": [
      0.04855261301716634,
      0.02927856439834423,
      0.30775097699786497
    ],
    "B1, B2, and L are": [
      16,
      30,
      4000
    ]
  },
  "data1": {
    "system_size": 6,
    "average_errors": [
      0.2732507243060918,
      0.22395531639470562,
      0.7163941387294057
    ],
    "B1, B2, and L are": [
      30,
      30,
      1000
    ]
  },
  "data2": {
    "system_size": 6,
    "average_errors": [
      0.22078408820044154,
      0.6200246258321271,
      0.6733466627661064
    ],
    "B1, B2, and L are": [
      30,
      30,
      1000
    ]
  },
  "data3": {
    "system_size": 6,
    "average_errors": [
      0.003931904394771727,
      0.03030003269859704,
      1.5673778829449805
    ],
    "B1, B2, and L are": [
      20,
      30,
      2000
    ]
  },
  "data4": {
    "system_size": 6,
    "average_errors": [
      0.016686828200916774,
      0.23065503059968723,
      0.39404978834244114
    ],
    "B1, B2, and L are": [
      16,
      30,
      2000
    ]
  },
  "data6": {
    "system_size": 6,
    "average_errors": [
      0.05130789525704521,
      0.09123853157979613,
      0.1395415483370485
    ],
    "B1, B2, and L are": [
      16,
      30,
      4000
    ]
  },
  "data7": {
    "system_size": 6,
    "average_errors": [
      0.05931836646441245,
      0.1672321108218542,
      0.19897050031783348
    ],
    "B1, B2, and L are": [
      16,
      30,
      4000
    ]
  },
  "data8": {
    "system_size": 6,
    "average_errors": [
      0.0027458364715814104,
      0.0002837496046891692,
      0.19548624358494363
    ],
    "B1, B2, and L are": [
      16,
      30,
      4000
    ]
  },
  "data9": {
    "system_size": 6,
    "average_errors": [
      0.11157390322100004,
      0.04849983731771588,
      0.10760624400644768
    ],
    "B1, B2, and L are": [
      16,
      40,
      5000
    ]
  },
  "data10": {
    "system_size": 6,
    "average_errors": [
      0.07194284603468372,
      0.024716016857728902,
      0.11738843977371814
    ],
    "B1, B2, and L are": [
      16,
      40,
      5000
    ]
  },
  "data11": {
    "system_size": 6,
    "average_errors": [
      0.01077940744682025,
      0.1061322843279278,
      0.19469870659676136
    ],
    "B1, B2, and L are": [
      16,
      40,
      5000
    ]
  }
}